﻿<?xml version="1.0" encoding="utf-8"?>
<!--DO NOT EDIT. This document is generated by PSoC Creator design builds.-->
<PSoCCreatorIdeExport Version="1">
  <Device Part="CY8C5888LTI-LP097" Processor="CortexM3" DeviceID="2E161069" />
  <Toolchains>
    <Toolchain Name="ARM GCC Generic" Selected="True">
      <Tool Name="prebuild" Command="" Options="" />
      <Tool Name="assembler" Command="arm-none-eabi-as.exe" Options="-mcpu=cortex-m3 -mthumb -I. -IGenerated_Source\PSoC5 -alh=${OutputDir}/${CompileFile}.lst -g -W" />
      <Tool Name="compiler" Command="arm-none-eabi-gcc.exe" Options="-mcpu=cortex-m3 -mthumb -I..\..\..\emFile_V322c\Code\Include\PSoC5 -I..\..\..\emFile_V322c\Code\Include\PSoC5\emf32nOS -I. -IGenerated_Source\PSoC5 -Wa,-alh=${OutputDir}/${CompileFile}.lst -g -D DEBUG -D CY_CORE_ID=0 -Wall -ffunction-sections -ffat-lto-objects -Og" />
      <Tool Name="linker" Command="arm-none-eabi-gcc.exe" Options="-mcpu=cortex-m3 -mthumb -l emf32nosnlfn -L Generated_Source\PSoC5 -L ..\..\..\emFile_V322c\LinkLibrary\PSoC5\GCC -Wl,-Map,${OutputDir}/${ProjectShortName}.map -T Generated_Source\PSoC5\cm3gcc.ld -specs=nano.specs -Wl,--gc-sections -g -ffunction-sections -Og -ffat-lto-objects" />
      <Tool Name="postbuild" Command="" Options="" />
    </Toolchain>
    <Toolchain Name="ARM MDK Generic" Selected="False">
      <Tool Name="prebuild" Command="" Options="" />
      <Tool Name="assembler" Command="armasm.exe" Options="--cpu=Cortex-M3 --diag_style=gnu --thumb -i. -iGenerated_Source\PSoC5 -g --list=${OutputDir}/${CompileFile}.lst &quot;--predefine=__MICROLIB SETA 1&quot;" />
      <Tool Name="compiler" Command="armcc.exe" Options="--cpu=Cortex-M3 --C99 --diag_style=gnu -I. -IGenerated_Source\PSoC5 --list --signed_chars -g -D DEBUG -D CY_CORE_ID=0 -O0 --split_sections -D__MICROLIB" />
      <Tool Name="linker" Command="armlink.exe" Options="--cpu=Cortex-M3 --diag_style=gnu --no_startup --library_type=microlib --map --list ${OutputDir}/${ProjectShortName}.map --scatter Generated_Source\PSoC5\Cm3RealView.scat" />
      <Tool Name="postbuild" Command="" Options="" />
    </Toolchain>
    <Toolchain Name="ARM IAR Generic" Selected="False">
      <Tool Name="prebuild" Command="" Options="" />
      <Tool Name="assembler" Command="iasmarm.exe" Options="--cpu Cortex-M3 -I. -IGenerated_Source\PSoC5 -s+ -M&lt;&gt; -w+ -r -DDEBUG --fpu None" />
      <Tool Name="compiler" Command="iccarm.exe" Options="--cpu Cortex-M3 -I. -IGenerated_Source\PSoC5 -D DEBUG -D CY_CORE_ID=0 -I. -IGenerated_Source\PSoC5 -D DEBUG -D CY_CORE_ID=0 --no_cse --no_unroll --no_inline --no_code_motion --no_tbaa --no_clustering --no_scheduling --debug --endian=little -e --fpu=None -On --no_wrap_diagnostics" />
      <Tool Name="linker" Command="ilinkarm.exe" Options="--semihosting --entry __iar_program_start --config Generated_Source\PSoC5\Cm3Iar.icf" />
      <Tool Name="postbuild" Command="" Options="" />
    </Toolchain>
  </Toolchains>
  <Project Name="Probador1" Path="C:\Users\Alex Bermudez\OneDrive\Documentos\PSoC Creator\Probador Final\Probador1.cydsn" Version="5.82" Type="Normal">
    <CMSIS_SVD_File>Probador1.svd</CMSIS_SVD_File>
    <Datasheet />
    <LinkerFiles>
      <LinkerFile Toolchain="ARM GCC Generic">.\Generated_Source\PSoC5\cm3gcc.ld</LinkerFile>
      <LinkerFile Toolchain="ARM MDK Generic">.\Generated_Source\PSoC5\Cm3RealView.scat</LinkerFile>
      <LinkerFile Toolchain="ARM IAR Generic">.\Generated_Source\PSoC5\Cm3Iar.icf</LinkerFile>
    </LinkerFiles>
    <Folders>
      <Folder BuildType="STRICT" Path="C:\Users\Alex Bermudez\OneDrive\Documentos\PSoC Creator\Probador Final\Probador1.cydsn">
        <Files Root="C:\Users\Alex Bermudez\OneDrive\Documentos\PSoC Creator\Probador Final\Probador1.cydsn">
          <File BuildType="BUILD" Toolchain="">main.c</File>
          <File BuildType="BUILD" Toolchain="">ssd1306.c</File>
          <File BuildType="BUILD" Toolchain="">cyapicallbacks.h</File>
          <File BuildType="BUILD" Toolchain="">font.h</File>
          <File BuildType="BUILD" Toolchain="">ssd1306.h</File>
        </Files>
      </Folder>
      <Folder BuildType="STRICT" Path="C:\Users\Alex Bermudez\OneDrive\Documentos\PSoC Creator\Probador Final\Probador1.cydsn\Generated_Source\PSoC5">
        <Files Root="C:\Users\Alex Bermudez\OneDrive\Documentos\PSoC Creator\Probador Final\Probador1.cydsn">
          <File BuildType="BUILD" Toolchain="">Generated_Source\PSoC5\cyfitter_cfg.h</File>
          <File BuildType="BUILD" Toolchain="">Generated_Source\PSoC5\cyfitter_cfg.c</File>
          <File BuildType="BUILD" Toolchain="">Generated_Source\PSoC5\cymetadata.c</File>
          <File BuildType="BUILD" Toolchain="">Generated_Source\PSoC5\cydevice.h</File>
          <File BuildType="BUILD" Toolchain="">Generated_Source\PSoC5\cydevicegnu.inc</File>
          <File BuildType="BUILD" Toolchain="">Generated_Source\PSoC5\cydevicerv.inc</File>
          <File BuildType="BUILD" Toolchain="">Generated_Source\PSoC5\cydeviceiar.inc</File>
          <File BuildType="BUILD" Toolchain="">Generated_Source\PSoC5\cydevice_trm.h</File>
          <File BuildType="BUILD" Toolchain="">Generated_Source\PSoC5\cydevicegnu_trm.inc</File>
          <File BuildType="BUILD" Toolchain="">Generated_Source\PSoC5\cydevicerv_trm.inc</File>
          <File BuildType="BUILD" Toolchain="">Generated_Source\PSoC5\cydeviceiar_trm.inc</File>
          <File BuildType="BUILD" Toolchain="">Generated_Source\PSoC5\cyfittergnu.inc</File>
          <File BuildType="BUILD" Toolchain="">Generated_Source\PSoC5\cyfitterrv.inc</File>
          <File BuildType="BUILD" Toolchain="">Generated_Source\PSoC5\cyfitteriar.inc</File>
          <File BuildType="BUILD" Toolchain="">Generated_Source\PSoC5\cyfitter.h</File>
          <File BuildType="BUILD" Toolchain="">Generated_Source\PSoC5\cydisabledsheets.h</File>
          <File BuildType="BUILD" Toolchain="">Generated_Source\PSoC5\ADC_1.c</File>
          <File BuildType="BUILD" Toolchain="">Generated_Source\PSoC5\ADC_1.h</File>
          <File BuildType="BUILD" Toolchain="">Generated_Source\PSoC5\ADC_1_INT.c</File>
          <File BuildType="BUILD" Toolchain="">Generated_Source\PSoC5\ADC_1_PM.c</File>
          <File BuildType="BUILD" Toolchain="">Generated_Source\PSoC5\Analog_1_aliases.h</File>
          <File BuildType="BUILD" Toolchain="">Generated_Source\PSoC5\Analog_1.c</File>
          <File BuildType="BUILD" Toolchain="">Generated_Source\PSoC5\Analog_1.h</File>
          <File BuildType="BUILD" Toolchain="">Generated_Source\PSoC5\ISR_ADC_1.c</File>
          <File BuildType="BUILD" Toolchain="">Generated_Source\PSoC5\ISR_ADC_1.h</File>
          <File BuildType="BUILD" Toolchain="">Generated_Source\PSoC5\PWM_1.c</File>
          <File BuildType="BUILD" Toolchain="">Generated_Source\PSoC5\PWM_1.h</File>
          <File BuildType="BUILD" Toolchain="">Generated_Source\PSoC5\PWM_1_PM.c</File>
          <File BuildType="BUILD" Toolchain="">Generated_Source\PSoC5\Salida_1_aliases.h</File>
          <File BuildType="BUILD" Toolchain="">Generated_Source\PSoC5\Salida_1.c</File>
          <File BuildType="BUILD" Toolchain="">Generated_Source\PSoC5\Salida_1.h</File>
          <File BuildType="BUILD" Toolchain="">Generated_Source\PSoC5\Clock_1.c</File>
          <File BuildType="BUILD" Toolchain="">Generated_Source\PSoC5\Clock_1.h</File>
          <File BuildType="BUILD" Toolchain="">Generated_Source\PSoC5\Btn_15_0.c</File>
          <File BuildType="BUILD" Toolchain="">Generated_Source\PSoC5\Btn_15_0.h</File>
          <File BuildType="BUILD" Toolchain="">Generated_Source\PSoC5\Btn_15_1.c</File>
          <File BuildType="BUILD" Toolchain="">Generated_Source\PSoC5\Btn_15_1.h</File>
          <File BuildType="BUILD" Toolchain="">Generated_Source\PSoC5\Btn_15_4.c</File>
          <File BuildType="BUILD" Toolchain="">Generated_Source\PSoC5\Btn_15_4.h</File>
          <File BuildType="BUILD" Toolchain="">Generated_Source\PSoC5\Btn_15_5.c</File>
          <File BuildType="BUILD" Toolchain="">Generated_Source\PSoC5\Btn_15_5.h</File>
          <File BuildType="BUILD" Toolchain="">Generated_Source\PSoC5\Entrada_0_aliases.h</File>
          <File BuildType="BUILD" Toolchain="">Generated_Source\PSoC5\Entrada_0.c</File>
          <File BuildType="BUILD" Toolchain="">Generated_Source\PSoC5\Entrada_0.h</File>
          <File BuildType="BUILD" Toolchain="">Generated_Source\PSoC5\Pin_7_aliases.h</File>
          <File BuildType="BUILD" Toolchain="">Generated_Source\PSoC5\Pin_7.c</File>
          <File BuildType="BUILD" Toolchain="">Generated_Source\PSoC5\Pin_7.h</File>
          <File BuildType="BUILD" Toolchain="">Generated_Source\PSoC5\SDA_1_aliases.h</File>
          <File BuildType="BUILD" Toolchain="">Generated_Source\PSoC5\SDA_1.c</File>
          <File BuildType="BUILD" Toolchain="">Generated_Source\PSoC5\SDA_1.h</File>
          <File BuildType="BUILD" Toolchain="">Generated_Source\PSoC5\SCL_1_aliases.h</File>
          <File BuildType="BUILD" Toolchain="">Generated_Source\PSoC5\SCL_1.c</File>
          <File BuildType="BUILD" Toolchain="">Generated_Source\PSoC5\SCL_1.h</File>
          <File BuildType="BUILD" Toolchain="">Generated_Source\PSoC5\I2COLED.c</File>
          <File BuildType="BUILD" Toolchain="">Generated_Source\PSoC5\I2COLED.h</File>
          <File BuildType="BUILD" Toolchain="">Generated_Source\PSoC5\I2COLED_BOOT.c</File>
          <File BuildType="BUILD" Toolchain="">Generated_Source\PSoC5\I2COLED_INT.c</File>
          <File BuildType="BUILD" Toolchain="">Generated_Source\PSoC5\I2COLED_PM.c</File>
          <File BuildType="BUILD" Toolchain="">Generated_Source\PSoC5\I2COLED_SLAVE.c</File>
          <File BuildType="BUILD" Toolchain="">Generated_Source\PSoC5\I2COLED_MASTER.c</File>
          <File BuildType="BUILD" Toolchain="">Generated_Source\PSoC5\I2COLED_PVT.h</File>
          <File BuildType="BUILD" Toolchain="">Generated_Source\PSoC5\ADC_3.c</File>
          <File BuildType="BUILD" Toolchain="">Generated_Source\PSoC5\ADC_3.h</File>
          <File BuildType="BUILD" Toolchain="">Generated_Source\PSoC5\ADC_3_PM.c</File>
          <File BuildType="BUILD" Toolchain="">Generated_Source\PSoC5\ADC_3_INT.c</File>
          <File BuildType="BUILD" Toolchain="">Generated_Source\PSoC5\Analog_3_aliases.h</File>
          <File BuildType="BUILD" Toolchain="">Generated_Source\PSoC5\Analog_3.c</File>
          <File BuildType="BUILD" Toolchain="">Generated_Source\PSoC5\Analog_3.h</File>
          <File BuildType="BUILD" Toolchain="">Generated_Source\PSoC5\ISR_ADC_3.c</File>
          <File BuildType="BUILD" Toolchain="">Generated_Source\PSoC5\ISR_ADC_3.h</File>
          <File BuildType="BUILD" Toolchain="">Generated_Source\PSoC5\ADC_2.c</File>
          <File BuildType="BUILD" Toolchain="">Generated_Source\PSoC5\ADC_2.h</File>
          <File BuildType="BUILD" Toolchain="">Generated_Source\PSoC5\ADC_2_INT.c</File>
          <File BuildType="BUILD" Toolchain="">Generated_Source\PSoC5\ADC_2_PM.c</File>
          <File BuildType="BUILD" Toolchain="">Generated_Source\PSoC5\Analog_2_aliases.h</File>
          <File BuildType="BUILD" Toolchain="">Generated_Source\PSoC5\Analog_2.c</File>
          <File BuildType="BUILD" Toolchain="">Generated_Source\PSoC5\Analog_2.h</File>
          <File BuildType="BUILD" Toolchain="">Generated_Source\PSoC5\ISR_ADC_2.c</File>
          <File BuildType="BUILD" Toolchain="">Generated_Source\PSoC5\ISR_ADC_2.h</File>
          <File BuildType="BUILD" Toolchain="">Generated_Source\PSoC5\emFile_1.h</File>
          <File BuildType="BUILD" Toolchain="">Generated_Source\PSoC5\emFile_1_ConfigMMC_SPI.c</File>
          <File BuildType="BUILD" Toolchain="">Generated_Source\PSoC5\emFile_1_MMC_HW_SPI.c</File>
          <File BuildType="BUILD" Toolchain="">Generated_Source\PSoC5\emFile_1_PM.c</File>
          <File BuildType="BUILD" Toolchain="">Generated_Source\PSoC5\Pin_8_aliases.h</File>
          <File BuildType="BUILD" Toolchain="">Generated_Source\PSoC5\Pin_8.c</File>
          <File BuildType="BUILD" Toolchain="">Generated_Source\PSoC5\Pin_8.h</File>
          <File BuildType="BUILD" Toolchain="">Generated_Source\PSoC5\Pin_9_aliases.h</File>
          <File BuildType="BUILD" Toolchain="">Generated_Source\PSoC5\Pin_9.c</File>
          <File BuildType="BUILD" Toolchain="">Generated_Source\PSoC5\Pin_9.h</File>
          <File BuildType="BUILD" Toolchain="">Generated_Source\PSoC5\Entrada_1_aliases.h</File>
          <File BuildType="BUILD" Toolchain="">Generated_Source\PSoC5\Entrada_1.c</File>
          <File BuildType="BUILD" Toolchain="">Generated_Source\PSoC5\Entrada_1.h</File>
          <File BuildType="BUILD" Toolchain="">Generated_Source\PSoC5\Entrada_2_aliases.h</File>
          <File BuildType="BUILD" Toolchain="">Generated_Source\PSoC5\Entrada_2.c</File>
          <File BuildType="BUILD" Toolchain="">Generated_Source\PSoC5\Entrada_2.h</File>
          <File BuildType="BUILD" Toolchain="">Generated_Source\PSoC5\Entrada_3_aliases.h</File>
          <File BuildType="BUILD" Toolchain="">Generated_Source\PSoC5\Entrada_3.c</File>
          <File BuildType="BUILD" Toolchain="">Generated_Source\PSoC5\Entrada_3.h</File>
          <File BuildType="BUILD" Toolchain="">Generated_Source\PSoC5\Pin_6_aliases.h</File>
          <File BuildType="BUILD" Toolchain="">Generated_Source\PSoC5\Pin_6.c</File>
          <File BuildType="BUILD" Toolchain="">Generated_Source\PSoC5\Pin_6.h</File>
          <File BuildType="BUILD" Toolchain="">Generated_Source\PSoC5\ADC_1_IRQ.c</File>
          <File BuildType="BUILD" Toolchain="">Generated_Source\PSoC5\ADC_1_IRQ.h</File>
          <File BuildType="BUILD" Toolchain="">Generated_Source\PSoC5\ADC_1_theACLK.c</File>
          <File BuildType="BUILD" Toolchain="">Generated_Source\PSoC5\ADC_1_theACLK.h</File>
          <File BuildType="BUILD" Toolchain="">Generated_Source\PSoC5\ADC_3_AMux.c</File>
          <File BuildType="BUILD" Toolchain="">Generated_Source\PSoC5\ADC_3_AMux.h</File>
          <File BuildType="BUILD" Toolchain="">Generated_Source\PSoC5\ADC_3_Ext_CP_Clk.c</File>
          <File BuildType="BUILD" Toolchain="">Generated_Source\PSoC5\ADC_3_Ext_CP_Clk.h</File>
          <File BuildType="BUILD" Toolchain="">Generated_Source\PSoC5\ADC_3_IRQ.c</File>
          <File BuildType="BUILD" Toolchain="">Generated_Source\PSoC5\ADC_3_IRQ.h</File>
          <File BuildType="BUILD" Toolchain="">Generated_Source\PSoC5\ADC_3_theACLK.c</File>
          <File BuildType="BUILD" Toolchain="">Generated_Source\PSoC5\ADC_3_theACLK.h</File>
          <File BuildType="BUILD" Toolchain="">Generated_Source\PSoC5\ADC_2_IRQ.c</File>
          <File BuildType="BUILD" Toolchain="">Generated_Source\PSoC5\ADC_2_IRQ.h</File>
          <File BuildType="BUILD" Toolchain="">Generated_Source\PSoC5\ADC_2_theACLK.c</File>
          <File BuildType="BUILD" Toolchain="">Generated_Source\PSoC5\ADC_2_theACLK.h</File>
          <File BuildType="BUILD" Toolchain="">Generated_Source\PSoC5\emFile_1_SPI0.c</File>
          <File BuildType="BUILD" Toolchain="">Generated_Source\PSoC5\emFile_1_SPI0.h</File>
          <File BuildType="BUILD" Toolchain="">Generated_Source\PSoC5\emFile_1_SPI0_PM.c</File>
          <File BuildType="BUILD" Toolchain="">Generated_Source\PSoC5\emFile_1_SPI0_INT.c</File>
          <File BuildType="BUILD" Toolchain="">Generated_Source\PSoC5\emFile_1_SPI0_PVT.h</File>
          <File BuildType="BUILD" Toolchain="">Generated_Source\PSoC5\emFile_1_mosi0_aliases.h</File>
          <File BuildType="BUILD" Toolchain="">Generated_Source\PSoC5\emFile_1_mosi0.c</File>
          <File BuildType="BUILD" Toolchain="">Generated_Source\PSoC5\emFile_1_mosi0.h</File>
          <File BuildType="BUILD" Toolchain="">Generated_Source\PSoC5\emFile_1_Clock_1.c</File>
          <File BuildType="BUILD" Toolchain="">Generated_Source\PSoC5\emFile_1_Clock_1.h</File>
          <File BuildType="BUILD" Toolchain="">Generated_Source\PSoC5\emFile_1_miso0_aliases.h</File>
          <File BuildType="BUILD" Toolchain="">Generated_Source\PSoC5\emFile_1_miso0.c</File>
          <File BuildType="BUILD" Toolchain="">Generated_Source\PSoC5\emFile_1_miso0.h</File>
          <File BuildType="BUILD" Toolchain="">Generated_Source\PSoC5\emFile_1_sclk0_aliases.h</File>
          <File BuildType="BUILD" Toolchain="">Generated_Source\PSoC5\emFile_1_sclk0.c</File>
          <File BuildType="BUILD" Toolchain="">Generated_Source\PSoC5\emFile_1_sclk0.h</File>
          <File BuildType="BUILD" Toolchain="">Generated_Source\PSoC5\emFile_1_SPI0_CS_aliases.h</File>
          <File BuildType="BUILD" Toolchain="">Generated_Source\PSoC5\emFile_1_SPI0_CS.c</File>
          <File BuildType="BUILD" Toolchain="">Generated_Source\PSoC5\emFile_1_SPI0_CS.h</File>
          <File BuildType="BUILD" Toolchain="">Generated_Source\PSoC5\cy_em_eeprom.c</File>
          <File BuildType="BUILD" Toolchain="">Generated_Source\PSoC5\cy_em_eeprom.h</File>
          <File BuildType="BUILD" Toolchain="ARM GCC Generic">Generated_Source\PSoC5\cm3gcc.ld</File>
          <File BuildType="BUILD" Toolchain="ARM MDK Generic">Generated_Source\PSoC5\Cm3RealView.scat</File>
          <File BuildType="BUILD" Toolchain="">Generated_Source\PSoC5\Cm3Start.c</File>
          <File BuildType="BUILD" Toolchain="">Generated_Source\PSoC5\core_cm3.h</File>
          <File BuildType="BUILD" Toolchain="">Generated_Source\PSoC5\core_cm3_psoc5.h</File>
          <File BuildType="BUILD" Toolchain="ARM GCC Generic">Generated_Source\PSoC5\CyBootAsmGnu.s</File>
          <File BuildType="BUILD" Toolchain="ARM MDK Generic">Generated_Source\PSoC5\CyBootAsmRv.s</File>
          <File BuildType="BUILD" Toolchain="">Generated_Source\PSoC5\CyDmac.c</File>
          <File BuildType="BUILD" Toolchain="">Generated_Source\PSoC5\CyDmac.h</File>
          <File BuildType="BUILD" Toolchain="">Generated_Source\PSoC5\CyFlash.c</File>
          <File BuildType="BUILD" Toolchain="">Generated_Source\PSoC5\CyFlash.h</File>
          <File BuildType="BUILD" Toolchain="">Generated_Source\PSoC5\CyLib.c</File>
          <File BuildType="BUILD" Toolchain="">Generated_Source\PSoC5\CyLib.h</File>
          <File BuildType="BUILD" Toolchain="">Generated_Source\PSoC5\cypins.h</File>
          <File BuildType="BUILD" Toolchain="">Generated_Source\PSoC5\cyPm.c</File>
          <File BuildType="BUILD" Toolchain="">Generated_Source\PSoC5\cyPm.h</File>
          <File BuildType="BUILD" Toolchain="">Generated_Source\PSoC5\CySpc.c</File>
          <File BuildType="BUILD" Toolchain="">Generated_Source\PSoC5\CySpc.h</File>
          <File BuildType="BUILD" Toolchain="">Generated_Source\PSoC5\cytypes.h</File>
          <File BuildType="BUILD" Toolchain="">Generated_Source\PSoC5\cyutils.c</File>
          <File BuildType="BUILD" Toolchain="">Generated_Source\PSoC5\core_cmFunc.h</File>
          <File BuildType="BUILD" Toolchain="">Generated_Source\PSoC5\core_cmInstr.h</File>
          <File BuildType="BUILD" Toolchain="ARM IAR Generic">Generated_Source\PSoC5\Cm3Iar.icf</File>
          <File BuildType="BUILD" Toolchain="ARM IAR Generic">Generated_Source\PSoC5\CyBootAsmIar.s</File>
          <File BuildType="BUILD" Toolchain="">Generated_Source\PSoC5\cmsis_armcc.h</File>
          <File BuildType="BUILD" Toolchain="">Generated_Source\PSoC5\cmsis_gcc.h</File>
          <File BuildType="BUILD" Toolchain="">Generated_Source\PSoC5\cmsis_compiler.h</File>
          <File BuildType="BUILD" Toolchain="">Generated_Source\PSoC5\project.h</File>
          <File BuildType="BUILD" Toolchain="">Generated_Source\PSoC5\cycodeshareimport.ld</File>
          <File BuildType="BUILD" Toolchain="">Generated_Source\PSoC5\cycodeshareexport.ld</File>
          <File BuildType="BUILD" Toolchain="">Generated_Source\PSoC5\cycodeshareimport.scat</File>
        </Files>
      </Folder>
      <Folder BuildType="STRICT" Path="C:\Users\Alex Bermudez\OneDrive\Documentos\PSoC Creator\Probador Final\Probador1.cydsn\Export\ARM_GCC_Generic">
        <Files Root="C:\Users\Alex Bermudez\OneDrive\Documentos\PSoC Creator\Probador Final\Probador1.cydsn">
          <File BuildType="BUILD" Toolchain="ARM GCC Generic">.\Export\ARM_GCC_Generic\CyComponentLibrary.a</File>
        </Files>
      </Folder>
      <Folder BuildType="STRICT" Path="C:\Users\Alex Bermudez\OneDrive\Documentos\PSoC Creator\Probador Final\Probador1.cydsn\Export\ARM_MDK_Generic">
        <Files Root="C:\Users\Alex Bermudez\OneDrive\Documentos\PSoC Creator\Probador Final\Probador1.cydsn">
          <File BuildType="BUILD" Toolchain="ARM MDK Generic">.\Export\ARM_MDK_Generic\CyComponentLibrary.a</File>
        </Files>
      </Folder>
      <Folder BuildType="STRICT" Path="C:\Users\Alex Bermudez\OneDrive\Documentos\PSoC Creator\Probador Final\Probador1.cydsn\Export\ARM_IAR_Generic">
        <Files Root="C:\Users\Alex Bermudez\OneDrive\Documentos\PSoC Creator\Probador Final\Probador1.cydsn">
          <File BuildType="BUILD" Toolchain="ARM IAR Generic">.\Export\ARM_IAR_Generic\CyComponentLibrary.a</File>
        </Files>
      </Folder>
      <Folder BuildType="EXCLUDE" Path=".\codegentemp">
        <Files Root="C:\Users\Alex Bermudez\OneDrive\Documentos\PSoC Creator\Probador Final\Probador1.cydsn" />
      </Folder>
      <Folder BuildType="EXCLUDE" Path=".\ARM_GCC_441">
        <Files Root="C:\Users\Alex Bermudez\OneDrive\Documentos\PSoC Creator\Probador Final\Probador1.cydsn" />
      </Folder>
      <Folder BuildType="EXCLUDE" Path=".\ARM_GCC_473">
        <Files Root="C:\Users\Alex Bermudez\OneDrive\Documentos\PSoC Creator\Probador Final\Probador1.cydsn" />
      </Folder>
      <Folder BuildType="EXCLUDE" Path=".\DP8051_Keil_952">
        <Files Root="C:\Users\Alex Bermudez\OneDrive\Documentos\PSoC Creator\Probador Final\Probador1.cydsn" />
      </Folder>
      <Folder BuildType="EXCLUDE" Path=".\DP8051">
        <Files Root="C:\Users\Alex Bermudez\OneDrive\Documentos\PSoC Creator\Probador Final\Probador1.cydsn" />
      </Folder>
      <Folder BuildType="EXCLUDE" Path=".\CortexM0">
        <Files Root="C:\Users\Alex Bermudez\OneDrive\Documentos\PSoC Creator\Probador Final\Probador1.cydsn" />
      </Folder>
      <Folder BuildType="EXCLUDE" Path=".\CortexM0p">
        <Files Root="C:\Users\Alex Bermudez\OneDrive\Documentos\PSoC Creator\Probador Final\Probador1.cydsn" />
      </Folder>
      <Folder BuildType="EXCLUDE" Path=".\CortexM3">
        <Files Root="C:\Users\Alex Bermudez\OneDrive\Documentos\PSoC Creator\Probador Final\Probador1.cydsn" />
      </Folder>
      <Folder BuildType="EXCLUDE" Path=".\CortexM4">
        <Files Root="C:\Users\Alex Bermudez\OneDrive\Documentos\PSoC Creator\Probador Final\Probador1.cydsn" />
      </Folder>
      <Folder BuildType="EXCLUDE" Path=".\CortexM7">
        <Files Root="C:\Users\Alex Bermudez\OneDrive\Documentos\PSoC Creator\Probador Final\Probador1.cydsn" />
      </Folder>
    </Folders>
  </Project>
</PSoCCreatorIdeExport>